{
  "accuracy": 0.9142857142857143,
  "precision": 1.0,
  "recall": 0.8269230769230769,
  "f1_score": 0.9052631578947369,
  "detected": 43,
  "target": 52,
  "tn": 53,
  "fp": 0,
  "fn": 9,
  "tp": 43
}